post_id,label
e_2910995175,1
e_cc8c675d9d,3
e_45b330888d,2
e_146d6bad34,3
e_a8b2a901aa,2
e_c1756da7bc,0
e_831e2937b7,1
e_bc7bb2f6c4,2
e_cc3ffea1a5,3
e_a8e792d7f6,1
e_c630c91449,1
e_aaac05145a,3
e_d0f507c42f,1
e_3fa2a9560f,1
e_2484399638,4
e_0d5ff925a6,4
e_d0ec5eb839,4
e_bad3895e32,2
e_1d56dcfc94,0
e_f5c3e63920,1
e_6df7218992,1
e_a0a13fa065,1
e_97dcc317df,3
e_8da2805968,2
e_819ac4c8e9,3
e_ff28549fcb,1
e_2b3f68a253,3
e_7d4ff8d6b2,2
e_8fc45733f5,2
e_7983d32fd5,1
e_b12e40b243,2
e_5aff42ed5d,3
e_3976338d69,0
e_e8fb4ba923,3
e_2d88a7b5f2,3
e_0de31c28bd,4
e_9711ce8eb1,1
e_31637e9f26,1
e_4cc21043d3,3
e_c9082d8854,2
e_96eadfa29f,1
e_41521664eb,3
e_e2a5d850a7,3
e_217da4edd2,3
e_f88d4af073,3
e_439702a975,4
e_0c3750c756,1
e_8cb2f5afc0,1
e_790dc82077,2
e_3155d2f94c,2
e_b60ca56946,0
e_2666d80651,0
e_065ef47508,3
e_c55aa38227,1
e_1facca26e6,3
e_d3568f2754,2
e_850abae52b,1
e_4912583dde,1
e_64c90fd2c1,3
e_c813b7c657,3
e_ddb6ce0c89,4
e_159cb26873,4
e_6ae43c21eb,3
e_9aeff13928,3
e_3e489e21d8,3
e_5e3b7a0678,1
e_2b99337796,4
e_0586faa368,2
e_c984a59804,4
e_1ad98427c7,3
e_8a6e46fd71,3
e_d2a07a274f,0
e_c236ad79a6,1
e_bf5b7d15e8,3
e_ac3edfc32a,3
e_2292064df6,3
e_49628abc5a,2
e_735c1f9052,3
e_4ab57b9b8e,3
e_f492a3957e,1
e_d5972197cc,0
e_9a2df5e44e,3
e_246f858361,3
e_8e42298e9a,3
e_b4cf02746f,0
e_e87927a410,4
e_fb00535af1,1
e_207f747dd2,2
e_8ec1661f02,0
e_e0b6fe5f01,3
e_3e54ad9a2e,3
e_3431009598,1
e_1238f03aa9,4
e_0df9acdf09,3
e_9a2d942e8c,2
e_82fd33dac3,3
e_328225e671,2
e_3f8742f458,4
e_3f56d8a0a8,0
e_2496427dac,2
e_86bb29d4ce,3
e_e553e09f8e,4
e_f97fcd263e,2
e_8793fe1de7,1
e_62f84a5a72,3
e_3f0c67ac6b,1
e_ab073bbf72,1
e_d3ff5f24ce,1
e_279882cb11,3
e_5e06a03152,1
e_e3e57c6d9e,1
e_0087b2c4b9,1
e_ab7093ae7d,4
e_4f1fe1c32e,1
e_39e4afa4a2,2
e_aa07b7a402,1
e_88c02fe083,1
e_20cb899e1a,2
e_ed4780aa33,1
e_cd67978274,2
e_46f21fdf7a,3
e_bfae62d670,4
e_ca4aa0ba25,1
e_b85025f128,3
e_51a6377a5e,2
e_5825d08b59,3
e_bc8440639f,2
e_0e4f94e644,1
e_58a4e3c169,4
e_2ac606b950,1
e_ad46d95884,4
e_fe4c415815,4
e_c0243724bf,4
e_9b69b05218,1
e_665e3dee12,1
e_e36bf84a19,0
e_a0d7b1d4e7,3
e_36c2a18611,1
e_6246350087,1
e_b6615f7a8b,3
e_7526455049,0
e_907b064024,4
e_69eecac14a,1
e_aa4d6342df,0
e_c5936af6a3,1
e_943b01a2d4,1
e_836aadc615,1
e_df2b2b7d13,3
e_01f1a2f053,4
e_4781d301dd,4
e_ebc4ae2eaf,4
e_60b5f556e4,1
e_ebb63ae900,4
e_30d81aac41,4
e_6cead62100,2
e_624ba334c7,1
e_d0b8e90ace,3
e_a45570b877,4
e_fffc769691,4
e_c94c511b4c,3
e_27bc280b89,4
e_672c6e09c6,3
e_89f4cc6245,3
e_419a37efcc,1
e_f0fc6d066d,2
e_632feff5a5,1
e_f00e983131,1
e_c60c29fb63,0
e_47e688b7d4,2
e_607e248aaf,1
e_27d72df3fa,0
e_ce8bc6555a,1
e_83831efb5b,2
e_4e5540615f,1
e_6581b666e4,1
e_d83cece24d,1
e_ee35fb6175,3
e_7c7c95f634,3
e_df24c00209,1
e_49928d2a7d,0
e_13b7c2c1ae,4
e_eb62e849c5,2
e_22639a09c1,1
e_bbe98ae5f0,1
e_1ed45af37f,2
e_0dad55ca48,2
e_afd4e4404b,3
e_d702453537,1
e_e5a3d44699,3
e_541ec2d14b,3
e_ff7f74b719,1
e_42bb77bca8,1
e_a92a74dcbf,4
e_32ac463aa2,1
e_d6be23cc6c,1
e_e97bd39df5,1
e_ef8142d51e,1
e_13853a61cb,0
e_c0d19385d6,1
e_f8a40a3330,2
e_1be6735d8d,2
e_8096799643,4
e_d49c6d1563,1
e_8306c3048f,2
e_c1b02ca516,2
e_367bfc7031,3
e_907ba73914,3
e_3f721917a4,1
e_0dda393c7c,1
e_9ee7773e62,2
e_94afe3b006,4
e_d2bab83792,1
e_3d074ca51a,0
e_c09e0f06f8,1
e_d380104899,4
e_87866257eb,1
e_8642d7a97d,1
e_39fd209195,1
e_a73b2d1a4f,3
e_dba21a956c,1
e_e9e480782e,3
e_584c671681,4
e_8de80c1249,3
e_4409d4d243,3
e_3d348e14cd,3
e_d356aa16e7,0
e_0eeffe5b8a,1
e_cd939b0689,3
e_4a6e4f8833,0
e_dabe82f1af,1
e_2c0e0534ed,4
e_927a73250a,1
e_482363ba97,2
e_4001c0d246,1
e_5a45573be4,2
e_ef56fef18e,3
e_f02d6433e3,3
e_cf2886ba3e,4
e_10b0039ec2,1
e_991b07ea4e,4
e_9e72720368,0
e_832cd6e86e,2
e_69c5aba2c4,3
e_6f64924b39,4
e_69410510c2,1
e_9539280dd1,4
e_a7f900a63f,1
e_270f3816b5,0
e_e13d77272c,2
e_034f2dea46,2
e_685ba4570a,3
e_ca9123ca68,0
e_6bb62dce1f,3
e_8362b0e012,1
e_f951ea3b34,3
e_7992ac55ca,1
e_2f47098b5d,3
e_f68244b9fc,2
e_22130b626b,2
e_988674be80,3
e_0ae233fba8,1
e_6c15eb6a7f,4
e_b99654af78,1
e_fe19117bc7,1
e_a2193bcdab,1
e_0e143a1c30,1
e_e328329dea,1
e_eca204ee94,2
e_ff6e34d854,0
e_46b586b95f,4
e_a38f107abf,1
e_4c5e02c73f,0
e_163815a6b7,1
e_8c7d7c9d13,0
e_8fb5a67cc0,0
e_c9782a2c01,0
e_80fc762771,2
e_b6d914037f,3
e_af3bf85764,3
e_a0db095c77,2
e_7761435962,1
e_dfe3017b67,4
e_ac79dff0c3,0
e_5079fb0dce,1
e_c19dc37a41,3
e_80919c5742,3
e_7b441204b5,1
e_b1eae1b83f,2
e_e840d20c06,4
e_493daf2f19,1
e_08c5d7c926,4
e_773fc0ec24,1
e_cbe7b224a0,1
e_66aeafe93f,3
e_56c62ce90f,4
e_8e43701167,1
e_8ab02d951d,3
e_4496a73257,1
e_b1a7da11f0,2
e_502027ed2a,1
e_25348e36f1,1
e_31f1c917e5,1
e_88eaaa1a63,2
e_eecdb3725e,2
e_34abf5dc8a,0
e_e18f05a438,4
e_1eb800afe3,1
e_f77bc632ed,3
e_3175390ecf,1
e_815382a19b,4
e_224769fe2b,0
e_b9f47f9822,1
e_bb153e57f0,1
e_10ace1c6a3,1
e_7df2f7ddfe,1
e_03a35ffe7d,3
e_f78e6139aa,2
e_a2a064840a,1
e_ab0a99de5e,2
e_4ea38957e4,1
e_d215f1593c,4
e_1c25f6499d,0
e_8e9e27227b,2
e_4c80f05a6d,1
e_6ebe991b06,2
e_b0f57b730c,4
e_142e6a5902,2
e_0979d5500f,1
e_7cf19733d1,4
e_869edad393,0
e_a353e39dbe,4
e_920b3a5f6e,1
e_ed30fa377c,4
e_ca85921b5e,2
e_ead0b61d3c,3
e_85fefc68ec,1
e_394b31dbf6,4
e_a9d9dc07b9,3
e_2c907e02e3,1
e_58f2358b72,1
e_9a84021a70,2
e_7d255212fc,1
e_10070a0810,3
e_e9cdd66c31,1
e_a314ec6a61,2
e_e96afe3657,2
e_45ea0d00c2,3
e_47573a0706,1
e_c352b3ae29,1
e_d7cf3823da,0
e_5dc54a7d47,2
e_fe85c1f04d,3
e_4768ad1e9e,3
e_a100b3530c,3
e_93d1b4bc78,1
e_84f7016cbd,4
e_ddbae86d66,4
e_9bcb509f7c,1
e_5ca2ded214,3
e_31385e5f66,1
e_9a45a254f3,4
e_b8f7a4af41,3
e_f068662b82,2
e_848b36abca,4
e_93060b0470,2
e_19bd5bbd9a,1
e_d2143150f9,0
e_6375cffb48,3
e_ee667b8c7b,4
e_890cd7da8a,0
e_6a0ab3699f,1
e_91dec2cca3,3
e_c5c68ed801,3
e_b52f0736eb,4
e_b1a9a6a964,3
e_cd5f92bfb5,1
e_b63965d1da,3
e_df2c19616a,0
e_ddbe0d925c,4
e_7bb2b64d03,2
e_8a5f5c5c17,2
e_5266c772f7,1
e_2aa3b6f1d1,2
e_7168d60df0,4
e_82eae3711c,4
e_c59173e65e,1
e_bed9c1fab4,0
e_bc8830de90,1
e_314bf3c92b,4
e_4e6ecf5ca2,0
e_56962ac497,3
e_bbd505c8f9,3
e_290243fe2e,1
e_d8acdb7008,4
e_a2ed0ca82f,2
e_1ac1ca84bd,3
e_40f5b08b41,3
e_d05db6c304,2
e_7e387a363a,1
e_3619cff653,3
e_53b33e4c0e,1
e_b837818f98,3
e_38e081f08a,1
e_329b9e762c,2
e_38c9edd51f,3
e_7fca7faf21,4
e_77a83183e3,2
e_f6583cde93,2
e_307cff6117,4
e_621b5c9d14,4
e_b1c62bef61,1
e_afa2215a94,0
e_d29f5620c4,2
e_e2774d353a,4
e_e56b1f9194,0
e_640de14072,2
e_60bd6746db,0
e_47adceae19,2
e_5cf9c13df0,1
e_bf3b5ce376,0
e_84b3db21da,4
e_1bde6c005f,4
e_f683719322,2
e_8f7975efb7,4
e_0a2b9633bb,1
e_6d755d3bde,1
e_e46b4af7c9,3
e_a312ef1ee8,3
e_e5fcec5e46,3
e_bd73fbae24,0
e_cd690faf15,1
e_c0fe18f9f8,3
e_40d0f9354f,4
e_0977a2157d,1
e_df160e73d7,1
e_1a30de5245,4
e_285e66f00f,3
e_bed29fdeb5,1
e_49a3e8b37c,2
e_16c86dbfce,3
e_35dc803d95,1
e_9d4c500381,3
e_82b0f1d21f,1
e_16c8d04302,1
e_4b41843f88,3
e_937d45b602,1
e_2ccbce5491,0
e_a1d2e382b0,2
e_da7398286b,1
e_bf85b3585e,2
e_193ac0b43e,2
e_cc738d82e1,2
e_b9249440bc,3
e_8a843025ea,4
e_a351fca37f,3
e_bb4e2e355e,3
e_dfb211ab61,2
e_fb50085bbe,3
e_84e8438942,0
e_f1a250926c,4
e_fc52cef589,3
e_94510fcae2,1
e_92142fc00e,1
e_c66c6ca0e5,0
e_5c49c1c009,3
e_ce47b644e0,3
e_134e78fa1f,2
e_b36d3fa9d2,1
e_d1d059764a,0
e_096977ce5b,3
e_c60b17036d,4
e_dcda44e3a2,1
e_ddb82ae3ab,0
e_ff821ae9ef,4
e_94ffc8d7aa,3
e_c510e02a07,2
e_400bc029ea,3
e_c9c1a28beb,0
e_b8458c937e,4
e_fedfd1d86d,1
e_136ae9a85e,3
e_599d68657b,4
e_b43db38c93,3
e_126d8fb76b,3
e_b2ea704a53,0
e_9e144deaa4,2
e_e432ea821b,3
e_af59781e02,1
e_3831686278,1
e_c10f6b202d,3
e_3cd44785fb,4
e_5fe9d52680,4
e_d45f1b6e66,4
e_d60805e0de,3
e_a7c0504d52,2
e_6e478c2b02,1
e_a7516f8f26,3
e_496974e034,1
e_467facb591,3
e_ba024206a8,2
e_e4b60d5e3c,1
e_c3e7511192,3
e_72d535cf75,3
e_78784ca1ed,3
e_ce19261a46,2
e_3e18314210,0
e_784ce9840c,4
e_09b0fb3180,0
e_a3b053cbf6,0
e_0ec18d31af,1
e_7a9648a1e7,4
e_3d1aed40c0,3
e_d82614125d,4
e_784bfb1585,3
e_85c14c624e,1
e_202acb1a57,4
e_e5b156b5d4,1
e_0b55a194b0,1
e_34f0afe463,0
e_64fb2eb475,3
e_ae28fdada9,1
e_43566c1149,2
e_c520642a29,2
e_34d39bdb7b,0
e_5bf714e01a,0
e_f5f66b553b,0
e_859901ab97,3
e_791654a4ff,0
e_f0b7ca79b7,2
e_fef52073fa,1
e_b241f9cd16,4
e_1c8c8fc4ef,4
e_863279d197,0
e_edba0a02dd,1
e_f166d43962,0
e_001964bfb7,0
e_66f713bd3e,2
e_e087ae3308,0
e_d369ed1ed0,1
e_2e30248450,3
e_287cdf6ba6,4
e_45a0def5ce,3
e_eb7b5b841b,3
e_9a5d1a70af,2
e_c0821e470f,2
e_60244e10e7,1
e_b7d1ddbeef,3
e_6722b34aca,3
e_a26c33fca6,1
e_b5e1cb16e0,1
e_956ea9c177,4
e_4191c978ca,3
e_3c778fe64d,0
e_e8aded3471,1
e_3964170c00,3
e_7d62a8129a,3
e_5da335d9ce,4
e_e82ede4662,1
e_f75b68d504,0
e_2389165f5b,4
e_e4df9f2ca4,1
e_6f1f5c2278,3
e_4d2aee34e9,3
e_9e630d9918,3
e_fb40587147,1
e_8e8e6f11c1,4
e_74a1876303,0
e_6efe134bd3,0
e_4589a754ce,2
e_41e53ecfc0,1
e_0199c1c0a9,1
e_4254452094,3
e_4b7970fe6a,1
e_9114857bd9,3
e_b97674995b,0
e_1876b14eaa,1
e_748c720b24,1
e_005306a517,3
e_b7434a134d,3
e_6d86469120,0
e_d435ae5381,1
e_927a902477,0
e_5955bf12b8,4
e_1d81b3f37e,1
e_75adaef201,3
e_f39132a962,4
e_8d7b77ec6d,0
e_d54a04b6a1,3
e_bb83648cc6,0
e_e1c68727b5,0
e_d61589487b,1
e_7371622c38,0
e_62d0e90988,0
e_d4343b40d4,0
e_25fe34f363,4
e_1bed367a43,1
e_1353cc5135,4
e_37ce684547,4
e_2e21fae8e2,1
e_ea270f3f15,4
e_784173591e,0
e_ced1ddec37,2
e_a3b5fa44da,3
e_c526eb858d,3
e_3490ec80a4,4
e_47d06f3013,3
e_8dd3bf2958,3
e_798ad8c0df,3
e_8640445eb4,3
e_a5f836cbc0,1
e_c8f82d5641,0
e_58a7bf1a4e,2
e_90ec83ace8,1
e_e82465274d,4
e_fdebecbd24,2
e_f9f2aed218,2
e_9823aed877,3
e_cc3caa0ad1,2
e_7a52ebff4c,1
e_4a6c7de905,3
e_0415fc2780,1
e_53c081a0a2,3
e_ee24b7e36a,0
e_fdfa14137b,1
e_d6bcb467da,2
e_5d2771860c,4
e_dd2806091a,4
e_32f80f0dc1,4
e_61dd6ed714,3
e_a5f7a43cc7,2
e_25cd21fdd7,1
e_11021c0f5f,2
e_e92d17d413,3
e_c945febbdb,1
e_fac60c98f1,4
e_08b69ef6ca,4
e_766626fe65,3
e_cf705c2f6c,3
e_6d63ffc19f,4
e_d80cd75b6c,3
e_e5269560ad,4
e_b70df1ab32,3
e_82ae1e6c96,1
e_fd24535310,3
e_8cb9e65fc6,1
e_6358bb74cb,1
e_3507f46d61,1
e_2d70d03bca,3
e_4be62496b3,3
e_f5896dd14f,0
e_17ff2faf21,1
e_c566f8dc7c,3
e_c8beb25ca3,1
e_e050d25e0e,1
e_1108ec5325,3
e_4c94c9df83,3
e_1044fea76c,0
e_a6171f34af,1
e_b2039a492b,2
e_1589ea3548,1
e_02836dc699,4
e_4ddffb6a82,3
e_24241e3872,2
e_38ea518695,3
e_f7f731e16a,1
e_29d8f1238d,2
e_4f0eec23c6,1
e_60fed66ac7,3
e_9def47bbd1,1
e_82749ec25d,4
e_0e1ea17d0a,3
e_6ce5462a14,1
e_fc80079d14,3
e_4fb1a2447a,1
e_a7348de27f,3
e_b88134e5e2,0
e_a1aaafc19a,1
e_ee1d7cf513,1
e_c832442b2a,3
e_4c5344b5f9,2
e_59dc8e6031,2
e_3e4f24bc8b,2
e_f29f011bb6,0
e_9224b6eb80,3
e_c37057b9ad,4
e_765479419d,1
e_b322459311,1
e_8f00c512ba,2
e_2276153bb4,4
e_170f5f16ee,3
e_38f7aa49ec,2
e_fb80e426be,1
e_4304407f96,3
e_622d3b5c68,3
e_a6ffd4a685,3
e_2b099e7c7f,3
e_70ad36bc50,3
e_75ac2f3d17,2
e_1a35995586,4
e_1705a48a8c,3
e_03f6a6493f,1
e_4c2c378f50,0
e_a59cf75971,0
e_3b98ffd975,3
e_4c3152d211,3
e_c3f160d8cd,3
e_16b47da9f1,3
e_04416392e2,3
e_5547f93301,3
e_5520275d9d,1
e_3143ab7432,0
e_5a45aceb47,2
e_521f114ea9,3
e_430fcb3638,1
e_81453481d0,1
e_5b7909c2a5,1
e_89e27722b7,0
e_d3d56116f3,3
e_ce20680f5a,3
e_db402941c7,2
e_5ef395e010,1
e_8ad31edaf1,4
e_09c370ec18,3
e_b6f12f191b,3
e_250cbb66dc,2
e_6218d56f06,0
e_742408dfde,1
e_0569e5cd45,1
e_d5da72608c,1
e_a27908fcbd,0
e_6e757756ca,2
e_55b96c460b,4
e_9bb82d68d4,3
e_5c510e4d81,1
e_89eef56569,3
e_bae0f93d21,3
e_22d38b07b9,0
e_500b0e793f,0
e_80df28fa1b,2
e_4a006c736e,3
e_e1f0e5981d,1
e_05c4d4d53a,3
e_0d9f761c72,3
e_7e3bafe823,3
e_06b0d2b93a,0
e_0caa3db368,2
e_3a0d3d5c06,3
e_8a80ecde42,4
e_b632944b5b,3
e_ae9445f1eb,4
e_0d43f86d62,1
e_20e31cf797,3
e_42d14c4bd1,0
e_75afc56d33,4
e_d7278a6679,1
e_6e860d762e,1
e_06072da364,3
e_6cf75dfa85,4
e_f2c32b91bf,0
e_bbb3ca5e14,0
e_f6328502dc,4
e_65719eafd2,3
e_54c082dd94,2
e_4729e48763,1
e_7908d61045,2
e_6c78557600,3
e_a110b68fff,1
e_967fe39a00,1
e_aeca43a3bb,1
e_9200dcd8ff,4
e_dd47fbeb60,4
e_76649d8a52,1
e_5687ac7cb8,1
e_c2187f8a33,0
e_2f3bd02949,0
e_4114009918,3
e_c447f2a50f,4
e_d4093e6936,3
e_05473c170d,3
e_14ce598a06,2
e_934dab9746,2
e_08ce32f786,3
e_1737ed8f1d,1
e_ea44de0f05,3
e_c493bb79c5,4
e_9175c099bc,3
e_295021736c,1
e_e4b7cf90ea,3
e_c93c751e46,2
e_8c2b5a9f70,0
e_4242c70b0c,1
e_63c4734962,1
e_1eab36561e,4
e_0388b52ad6,1
e_9b4b3e0ad2,3
e_9a2d0d653f,3
e_c5aefa6988,0
e_3d309e5686,0
e_eff5e6c2ee,3
e_d0fb2533ec,4
e_df6043efd1,1
e_5db4d6101a,1
e_4645523b4a,2
e_0b7ccd54bc,4
e_c1a2b37672,4
e_c73880f9b2,1
e_a14dca81b0,2
e_583879c3c9,4
e_aed058167d,3
e_b1c260d1c6,2
e_4307b59e51,3
e_dfe5980018,0
e_9cd5a6aa87,3
e_4f06fd5f21,1
e_5b33a1b22a,3
e_de07130c37,4
e_a1ead0840c,1
e_81b4b905b3,0
e_ddc800262e,1
e_b7a34f2b19,2
e_a0452d3283,3
e_42629bc53b,3
e_1bee332e74,0
e_e81d4c9051,2
e_729ef10cc4,1
e_fc6ea69e53,4
e_858f716330,2
e_09f01c1428,2
e_62770b19c5,0
e_075c216449,4
e_62f5a83efa,1
e_3cb14ef289,4
e_3b20e8b4c9,2
e_be40dc1deb,3
e_0aed6ca3db,4
e_d69fa65419,1
e_53e3e6b9b5,3
e_0b2fff66b6,1
e_425c8a6f12,2
e_905a3044af,1
e_e9942d7f5a,3
e_67360b422b,4
e_2264753133,4
e_073c290537,1
e_8b94b050be,3
e_2cf2723e5c,2
e_457dbe6e85,3
e_9d40a635e4,1
e_c2ecc493cb,4
e_aa5e3a385f,3
e_491d3386ab,2
e_da2f2fd6fc,2
e_e1ded5f117,1
e_0595eaa9e5,1
e_ad56491b32,4
e_d8dc81201d,1
e_356333b8cf,2
e_afc552c688,3
e_a251bc8530,2
e_207e28c686,4
e_8e84b2e478,3
e_108a2e2098,0
e_a7a67ce379,3
e_4c474ee32e,3
e_0bcb1aa393,3
e_8d899f199d,3
e_2c70227b4d,3
e_8bf370c01b,3
e_30946b2c0a,3
e_768b0909c6,1
e_5bacf64074,0
e_2ca6021e87,1
e_73152d5914,3
e_4ccfa75129,2
e_22c265fb8f,1
e_779b068094,2
e_50ffb56d53,4
e_ac7d215f80,1
e_c8743bb3be,3
e_4a540fec52,1
e_038d99bc07,3
e_70fe3f90ff,4
e_da27a35bd5,0
e_3754573259,0
e_693be09597,3
e_cf096c5c74,4
e_31373a0eb1,4
e_94c9ddcaf8,4
e_722e27d035,1
e_1387fed425,2
e_dae95e6260,4
e_633a1a8ef7,1
e_06870872e9,0
e_249cf7305a,1
e_ffde22cf7b,3
e_fdc3232ccf,3
e_7f2efbb41a,3
e_8ea49b7bb2,1
e_3d1036c2b3,0
e_0cad1f891f,3
e_398c60b6b6,1
e_1d40c50617,3
e_0101fbb819,3
e_6a19b36c9f,2
e_cf0f551a50,1
e_89aa574a09,3
e_aa0b81f26f,0
e_ce2b6dccb5,4
e_0e821f17c6,0
e_3aabbe46c6,3
e_c3d3870f4a,1
e_0183e63ab8,3
e_1757de780b,2
e_8b274b7a65,1
e_b3df50da4b,0
e_69534aa918,4
e_b0d26574d8,0
e_5f4a455201,4
e_1a5b553f49,0
e_75d8fab628,1
e_4877155390,3
e_c4f9422434,2
e_4fd85e7f07,3
e_cc614c77fa,3
e_03e0729466,3
e_90522d0fd1,2
e_e1be1431c2,3
e_3631390fb0,1
e_0be69684e5,1
e_ce2ceffaf0,2
e_7770142cd0,0
e_1b7c5d7559,3
e_8492c6d806,3
e_01ea94d34c,1
e_cf6402b825,2
e_fe31b61a65,0
e_f8e1107b53,1
e_39ffe00b78,1
e_361d19d9a6,0
e_1c9a31bf87,3
e_acffea1501,1
e_1a1c612965,2
e_5cd0a65258,3
e_fe31030212,3
e_4390da4156,2
e_161871585d,0
e_a91a9ef639,2
e_311b0a9c6b,4
e_394eaee563,1
e_d7a60529b8,2
e_1919ea1e60,0
e_ba843ba47c,1
e_bbd49c5201,2
e_3a6d8198ba,0
e_4562460ecf,1
e_d1c4d7d98a,1
e_ff03dc8cfa,4
e_fcda8e2af6,4
e_d63b5089a3,1
e_cafdc62c0a,3
e_75a7ce2533,2
e_915cad0827,4
e_a42e3058de,1
e_973306912d,3
e_beba4b268d,3
e_2bf4f81953,0
e_09c2f3db5c,3
e_0cb4835ce0,0
e_c727b92bbe,4
e_2716117404,0
e_d9bb106c56,3
e_80d3ded257,1
e_38241bdc0c,4
e_1da4e219f9,1
e_f86410f0e7,1
e_8122f35abd,1
e_9e7240e28a,1
e_5bbce55bb5,3
e_d6606a7f9f,4
e_9f14484e55,0
e_83f9bc0550,1
e_f8c0462375,2
e_53f1bdd8d9,1
e_0fba583929,3
e_77c8921af8,2
e_67daa9e8ad,1
e_93891231b5,1
e_e1d59ca49c,2
e_53d9fec6c5,3
e_38430bc2e1,2
e_be7fa17e1b,0
e_9efd17c79f,4
e_96ae5ade0a,1
e_b9c5f76e3b,1
e_8613659a1e,3
e_da861217df,0
e_476492f104,1
e_30c1351919,1
e_1fe39efe61,2
e_6aef740f29,1
e_56398ef389,1
e_f8922d8768,0
e_f83ea709c5,2
e_cb843d3683,3
e_93313c4bbf,4
e_ca889a3023,0
e_634b006a20,1
e_92ecc0d73a,2
e_b0486ab143,2
e_0c4bc983f9,2
e_4877e5d2fc,1
e_e9577ba1b1,0
e_ad1bc4e335,0
e_d7c8bcd25d,2
e_d045fb67a2,3
e_5f5188f22b,4
e_5d52f90b40,1
e_c03ffa8572,1
e_d536f7e581,3
e_cb270cad50,4
e_76310eb80f,4
e_b6dd2ed0bd,1
e_abbee741b5,2
e_c2f5b6f5fd,4
e_b88d5d2218,0
e_5f2d4a7a4c,1
e_19fb67b34a,4
e_7d253eada3,3
e_8e66b00a12,3
e_6c246a9ebf,0
e_fd251e0a62,2
e_ed5fc9ac03,2
e_630f3ed29d,2
e_bea4652f78,3
e_33f33423cb,1
e_94e5cea0d5,0
e_981073c5c4,1
e_be2c366b95,4
e_7a659a12dc,3
e_36a31a7953,3
e_2e146b2a09,1
e_7d5616e572,3
e_ecad0f70ac,2
e_8b7f469906,1
e_c2f609c620,3
e_84cb23bb75,3
e_9d205f4d2b,2
e_78c84a5b93,1
e_2be6e1926f,1
e_4a3fa45798,3
e_9a5e31d23f,3
e_8ab4a8f70c,2
e_3e56ddfc59,1
e_5c635ff764,1
e_fdc6106032,1
e_09e40a0244,1
e_0c01b1c186,1
e_f23c52b6ed,2
e_9a3c1b0585,4
e_6084b84fac,4
e_25af4154a0,4
e_cdfabfeb05,0
e_b2b7947de4,3
e_96023b1dfc,3
e_28d6cca962,0
e_a7344aa2be,1
e_a0759a43b7,4
e_7c3d815557,3
e_f22bcd2c7d,2
e_36c1e3149b,1
e_f3d1860add,1
e_9363feb68d,3
e_652faf51fb,1
e_4173f9bb0c,4
e_be79e0589e,1
e_0cac773c7c,1
e_2daeef8e48,4
e_824f1cda11,1
e_f29a584c40,0
e_7e14b88ded,1
e_723c54186a,1
e_e841382af5,2
e_919087d9f5,1
e_bf12ed0a9d,3
e_7e6d13a6ae,1
e_60f739d195,2
e_29b76145c8,4
e_20b9210bae,1
e_e13a594e80,0
e_3cf39f14f7,3
e_ce6fa1e0e7,2
e_b51600a224,1
e_17e20e451a,3
e_1a76869b42,0
e_69d2d8a414,4
e_cacfc2caee,0
e_5fe04a29a3,1
e_da94df8e51,1
e_991b83ffb8,1
e_30dbc53d9c,1
e_a03aa7dfdb,0
e_be79467750,3
e_bcfc19e0a8,0
e_169d93c29e,2
e_cec0bfd743,3
e_4734fc62d8,2
e_1689be2b41,3
e_9b5eb4965d,3
e_cbab583d23,4
e_35f77fd7e0,3
e_684b36c6de,2
e_ad8c35cbd8,0
e_4488ed968e,4
e_3ef2c9e2ef,2
e_5a18c41537,2
e_797096f7e5,3
e_ac4514978d,2
e_11eb88a68c,1
e_ce2d3327a8,3
e_d897d38c9d,2
e_a4ebac7440,1
e_ac7f0212c6,3
e_bed77e8992,1
e_fdc58136df,1
e_d99df3c8f9,2
e_648c5b59e1,1
e_1ff29f2339,3
e_f2d771fcce,4
e_a00e90a0a0,2
e_8c3ea28ff5,4
e_d3c99ca3ca,3
e_bd318e29cb,1
e_3ad1463dec,3
e_756a39632b,1
e_b8f7acec88,0
e_7b8ca95e50,3
e_67ca916e1c,3
e_f8a7edf6da,3
e_964a63104b,3
e_100db36f5a,1
e_57dc5dc198,4
e_9c6e59e810,1
e_84c4a96f25,3
e_afd78de186,4
e_160c3629e6,4
e_3220a46287,3
e_a7668d35dd,3
e_362f033140,1
e_eb552ae520,3
e_e23f26f816,3
e_ca4d5d95a8,2
e_912a98d8e3,2
e_a7666711e9,1
e_7ce115d83d,3
e_d63ece85ed,2
e_b7d14e5516,0
e_0b2f608d4b,3
e_8cbd6ec57c,0
e_82d3c66344,2
e_e82c46b552,4
e_68fdb7da6d,2
e_1c19a06673,3
e_ff20806e9e,4
e_d518eebb89,2
e_f71fb24d89,3
e_c3edc65738,0
e_bf2532b486,1
e_491c590e45,1
e_288120312b,1
e_7a2b06f60b,1
e_f28422c7a3,1
e_464bff225f,3
e_8864d91b85,1
e_c5ad410cb6,1
e_558f7c13f7,1
e_71e9c0d81a,3
e_c99ea4a34a,2
e_5e9e729f8a,2
e_faba83821a,0
e_5b39fc9e76,3
e_3e065b71bb,4
e_a0dfcbbefa,4
e_c0ab0eb2d5,4
e_9b8f566000,2
e_2cec942275,1
e_676653bd31,3
e_d58ae4ff43,2
e_5f443a8691,0
e_1c83d538e3,3
e_d6cbe0cb7e,3
e_636e8ff977,4
e_e792f871c1,3
e_0a6d3772a3,1
e_e90e8e0ee0,2
e_9875f50357,4
e_2b43122cd4,1
e_e4de93006b,0
e_1692846d69,3
e_ba8639687d,1
e_7717c6155c,3
e_efa0d4b5c8,2
e_5ec672c8e4,4
e_7d702e7c7f,2
e_b817714eb8,1
e_1844390568,1
e_d3952f5d6f,4
e_1180f55fdb,4
e_6abf574b23,0
e_659a3c3478,4
e_82009e5075,0
e_2a70a16f61,3
e_8252ca92a3,3
e_e8c5fdb771,4
e_db7473cd84,3
e_4f93afb5f5,4
e_86035358ee,1
e_0f1218dd00,4
e_9b489d9ef2,4
e_f65b14807c,3
e_31aaecc1a2,0
e_8db9b6f975,2
e_e47119900b,0
e_d67226bb93,2
e_64f9f81285,3
e_797d7a8a52,2
e_dfba8d1112,3
e_170369a45c,4
e_d8cba37d86,1
e_b10f50f90f,1
e_829cb7fc9b,1
e_89df299b51,0
e_c2ac31a5c0,4
e_0924b121bf,3
e_256555a836,3
e_4b0572c5b0,0
e_b33a1ec453,3
e_283a79beee,1
e_8559a0db10,2
e_12569c2c7f,3
e_dacb0c08c0,3
e_121621864e,2
e_45eb41e5f6,3
e_d4bf4c4acc,4
e_fabb56156d,1
e_75d879dc71,3
e_248f38f932,2
e_4bb950bc0f,4
e_0708d0da01,2
e_acd64484c9,2
e_d0b41705ca,2
e_548def11ff,1
e_52fa908641,0
e_6685810a86,1
e_c3359ea4dd,2
e_bd2fba9564,3
e_bb53778805,3
e_9240e3dc3a,4
e_d30f9d993e,1
e_9021c8061f,1
e_b1ac3808b1,4
e_e1b83ef608,4
e_405a539402,4
e_7a8bc4f546,3
e_1bd0b49f9c,4
e_4544c95372,1
e_854970c57a,2
e_e52155df7e,1
e_34fa96b966,2
e_2cdae2d401,3
e_3c09ee0c72,1
e_01c5729b7d,3
e_6e43e7df0a,3
e_eaf371e829,2
e_937a6a5d33,3
e_34f4a87dd9,4
e_b04dc63512,1
e_047e2d4cc6,3
e_ba1a876bed,3
e_12681f6327,4
e_3d0bae7127,1
e_9c64001541,3
e_1775276edb,1
e_aa9206126c,4
e_a272b84567,0
e_50440d5673,3
e_48ca3baa0b,4
e_790aeae37b,0
e_bea98c5a5a,0
e_0bf0dde8e3,1
e_9e31335cf8,1
e_014b784b7a,0
e_f26de82006,0
e_93281446e5,3
e_d8e6a5d039,1
e_5a2f9e881b,4
e_8ed2906eab,1
e_b511c1ddc9,1
e_ffc3f349cb,0
e_b812f0833a,1
e_eb98441873,0
e_295fc22f65,4
e_c6e37bac74,2
e_5a99a70c8f,2
e_f8351fe3a9,4
e_e9d7fbee0b,1
e_9548c23ec8,4
e_03463125ba,3
e_189c68287f,3
e_54af8e68f6,3
e_965907b01a,3
e_af692e364b,4
e_67639d172c,4
e_b99d7e7316,2
e_2e61c7af4d,4
e_51f18ff603,2
e_d3eb855e48,2
e_9d0feca805,1
e_fe244c677c,1
e_24cc4cfe2e,1
e_03bdc3e80d,1
e_799eeedc21,3
e_5f215dca29,1
e_572d1116da,2
e_1e9940f836,1
e_591289f38d,1
e_aabd1fd852,2
e_ac676fe4f2,4
e_fc3c35a112,3
e_1dfd9eb115,1
e_f40ae63eb0,1
e_c59dc7ce54,1
e_fe86675ad6,3
e_ce856988f8,2
e_7fc1f2db6a,4
e_9de3e78582,1
e_f2f7f2fbbd,1
e_fcbda62075,3
e_8139a30e5f,2
e_aa68e6702e,1
e_a43f625379,1
e_acceff6a12,2
e_6048837cfc,1
e_ab38eefe0f,1
e_045e95b1fe,2
e_290ce754c4,0
e_ce02967e05,3
e_6121bef9ac,3
e_b89d2db181,1
e_bfe2aed0d4,4
e_63f02aeff3,4
e_72c3b13dad,2
e_b990926845,3
e_991a407e14,2
e_45a74dc51f,2
e_eeb33fa659,3
e_e1b0175472,4
e_a54aff80d8,4
e_45e55eb6b5,4
e_ff8e92a559,3
e_d9496442f2,1
e_34c3e09325,2
e_31230916ca,4
e_50d1f723b2,1
e_63424bf01e,3
e_a7de582a50,1
e_eb0451ae6b,3
e_6ccaffe718,2
e_84bec40e67,1
e_a0d662b642,3
e_d1bba86957,1
e_810a5628a3,2
e_05ea8ce36d,2
e_1a39e446fa,0
e_34eb5b8c31,0
e_d9abc045d3,0
e_36ceacc202,3
e_d728b8f0ea,3
e_c603acf628,4
e_a38b44759e,4
e_e7c5ef3d53,1
e_d492bd4a7c,0
e_a9d1ffb56c,1
e_ec603a1f4e,3
e_4679b5aed9,4
e_8b1a07818a,3
e_ffff7c3f29,4
e_58c45adeac,3
e_3d3d2624a6,3
e_b349dd38ca,3
e_7b97db95f0,1
e_9beb009ba7,0
e_5813243364,1
e_acd0f08f78,3
e_5de11aa004,1
e_07379567b3,0
e_5500c9dbbf,1
e_5f15598b80,1
e_4925b19d59,4
e_b81958c41b,1
e_882d301de3,2
e_00df23a4fd,1
e_cebf1faf2d,1
e_9f0b8759b1,3
e_01177b31d8,3
e_b527cdc263,2
e_08e1238444,3
e_25ee33f184,3
e_4fade999f6,1
e_f56955c27a,1
e_e984d1e66a,3
e_d497dcfb52,3
e_ad1c634f76,3
e_fac60d1612,3
e_a10fe7106e,3
e_3dda7eff2c,0
e_adee391f65,1
e_70b5b10928,4
e_1a953cef84,1
e_7b64589266,1
e_39af501dd7,1
e_a01ce80844,1
e_43ab027ccf,3
e_d051e78c63,1
e_c03bc20c76,0
e_ee18bb1ce7,1
e_59c311a196,0
e_d2e024715a,3
e_fb4ff4aab7,0
e_bea3ff04fa,4
e_13c9883419,2
e_1b953fb9f2,1
e_d428351170,2
e_7917876119,3
e_76d4f22d2a,2
e_259c49a97f,1
e_9bdd8ae69a,3
e_449ac18879,0
e_f98f001079,4
e_a05e97c828,4
e_c17c00a4a0,0
e_1c6c13a9a8,1
e_c7a9f70f92,3
e_2a11fb1def,2
e_cd39183847,3
e_9682ca175d,3
e_c19818c13a,3
e_b399a657b5,1
e_a4da3cb638,3
e_8b315f56bc,1
e_9ced19efeb,2
e_161122cb90,2
e_83fdc90d32,1
e_627895d50a,3
e_9f3674c029,3
e_36df0e2926,3
e_fa4f8dc2cd,1
e_2460d8a467,3
e_687c5cbffc,3
e_88f17e2417,3
e_5329e67e2c,1
e_5213ca7522,2
e_352e3c974c,2
e_c238ea2584,3
e_37a0a93228,4
e_090eac96d9,3
e_7878892c85,1
e_5910335b75,4
e_617389c5d8,0
e_33c38d649c,2
e_629361fe2d,1
e_4220d4be57,0
e_a5d788a187,3
e_6b9e3de5da,0
e_d6eee31df8,0
e_e552a716d6,1
e_248d29edea,1
e_4031d0851c,2
e_15aff8ea6b,4
e_489bf1c558,1
e_a2fbc24b43,1
e_1c257b0c2a,3
e_89747c9b93,1
e_1437c4e726,4
e_d7776fd578,2
e_b631f2b17b,3
e_9874a7e430,0
e_182cebaed5,1
e_7e6cebdacc,3
e_24db763e5d,2
e_05b0830be7,1
e_b6ed25525b,3
e_674ca71166,0
e_2e0e4b27bd,1
e_b9c98d8540,1
e_34294c84ab,1
e_ae799656d5,0
e_5cced5f6fe,2
e_e14639b939,3
e_be7bb6274b,1
e_715bb38ebe,3
e_351a1b7bf8,3
e_548011bc28,2
e_f4b9acfb1a,3
e_ba272e2eb0,4
e_2194a01baa,1
e_db83ff90c1,1
e_bf02f3ce7b,3
e_e36bd27d60,4
e_b072dd2de0,1
e_7e8d335c9f,1
e_190f7956fd,0
e_8c4e90d24d,3
e_054a69ab81,0
e_ae1ffc5fb0,3
e_77eaf1f9a2,1
e_230bf93a83,2
e_de67f768e6,3
e_804c9bdb6f,4
e_9c09a8a0f6,3
e_0380f37bc8,0
e_ccf7610fae,2
e_6255fbc784,4
e_64a6f59022,4
e_5d6251ac10,3
e_be40e70f23,0
e_5834332b03,3
e_900ff09da2,4
e_9287bc2abb,1
e_fac5c9714a,2
e_085dca213b,1
e_b04079724f,1
e_25025877a8,0
e_611dd8b263,2
e_f895e5ffa5,0
e_c5a4203ca4,1
e_0714ac13ee,3
e_4b516973c8,1
e_1653765f8a,1
e_7ea20b5201,1
e_685da61423,0
e_8d8cb546ef,0
e_bfdc8f2c5c,3
e_9d50225d45,4
e_19409bd84e,3
e_015c1e7ec0,1
e_40409d53cc,2
e_0cface0fbe,4
e_bac91be0aa,1
e_ad107f39d1,3
e_5083a2969b,1
e_c315d7a652,2
e_0841ce4b29,4
e_ccfbf8bd10,0
e_08ca8ab0a0,3
e_76333fa90a,1
e_8325b7a8e3,0
e_65b687035b,3
e_b0822fb645,2
e_e400fb8bfa,0
e_229a0bf6cb,1
e_6101238a2c,2
e_954b2a14bd,3
e_55ee6c1c4e,4
e_6def359526,0
e_78c2819c0c,3
e_521c4a8866,2
e_0e41be1797,0
e_02cabb87a2,1
e_b3aacd5e51,4
e_28acce6898,4
e_61bece8634,2
e_d59aab3a99,1
e_3b21f2b92f,3
e_2902c87f80,1
e_517def2309,1
e_6b67414d07,2
e_735f4aec51,3
e_15b5fd2e86,0
e_397dfc1176,1
e_60e253162f,3
e_c308256b61,2
e_52f8636d52,1
e_ef0ce39a07,2
e_5a711b1e4b,1
e_374c8ec523,3
e_ac63115e85,4
e_b40cbe55f3,3
e_9f68198300,1
e_7b6c1c32e2,4
e_88af81cffa,3
e_c6da763ff9,1
e_dadfbf885a,3
e_5688b3d334,3
e_3e34e9eddc,3
e_8d64cbf766,3
e_626cd2a41b,4
e_7c10d9306a,3
e_1b9082fa4a,3
e_b78b2c0223,3
e_591f21c1a4,1
e_8e9e4b9773,4
e_d236571715,2
e_dd0c3dcfbe,4
e_114b82894f,2
e_9310438848,1
e_946ce25cec,0
e_a2eb26898e,2
e_280003f49f,2
e_93fd1329aa,3
e_d08a1a0d9b,4
e_ce6bf89de0,0
e_73d9e92548,4
e_2f8822e471,0
e_d5fc45976b,4
e_fb2dbdd343,1
e_8a0c28aa53,1
e_500449c873,4
e_b4ff288c4e,3
e_773e151339,1
e_c1d70319b8,1
e_93ebf5b6ad,1
e_9d4071333e,3
e_012309e883,3
e_def8da5819,3
e_66ca8e1a9e,3
e_1b95fdd891,1
e_b9ffb8b89e,2
e_494c5b35a2,4
e_ed4499c4c8,3
e_0e62345403,0
e_9b80c3a4dd,3
e_3cdabfcd01,1
e_c95b80b58d,3
e_6e42a8111d,1
e_8389b5986c,4
e_18680f8a75,1
e_b2482e1982,3
e_d4d2f3fe72,3
e_b565d33659,1
e_8812414049,3
e_b0cb8cbdc3,1
e_753a060f50,2
e_072b19c335,2
e_30a9d6e32d,3
e_b4e59e7165,4
e_22aa640dac,4
e_202e211791,2
e_1fe64c7356,3
e_75a626fe5c,1
e_804aa0ff62,1
e_f76fe19f21,0
e_dea3efe0be,3
e_9d38be9669,4
e_e5668b198d,1
e_5be8d5c680,0
e_d7bb19e09b,2
e_a89ae0827a,3
e_f5184ecdf4,3
e_f49425ded4,0
e_b34435cfaa,1
e_128c213804,2
e_ae89e980fb,0
e_907dce78a1,1
e_b68814ecd6,3
e_72df6e2084,4
e_9843126dd4,1
e_82c7a5d47e,1
e_9d3d60b7d4,0
e_dbf73ae3b5,1
e_68981eb108,2
e_a7302de52f,1
e_2d748769b3,4
e_f7f96e5168,3
e_b9cf61e9d1,3
e_a2fecdf24f,2
e_cf6e3eeeb5,4
e_629c191069,2
e_cf2ae3d708,0
e_35356e50bd,2
e_655b738927,3
e_f6c3799567,3
e_dac8b7cb6c,0
e_ce0400ff73,3
e_b67c2ade3e,1
e_a682109caa,1
e_f5a5217588,1
e_86342575e7,1
e_873e619295,4
e_b37df62509,3
e_76f129b7fe,1
e_0ad7031ed8,0
e_9a173259b3,2
e_711e214759,0
e_88c3319a49,3
e_522ea8cdc4,4
e_e1fa663ff4,1
e_43fc71a338,3
e_cceab92bc5,4
e_bccd0f27e0,2
e_22d4512311,3
e_5096333ef2,4
e_ba1fd8d1eb,0
e_18a621a9ea,2
e_48a4aeae18,1
e_3713913d2c,1
e_fd0d88c6cb,4
e_f1bf88e14f,4
e_237f0802db,3
e_366d6afb2d,0
e_ce48937061,1
e_26c9aa7c7f,0
e_6c7048bc85,0
e_fe5bb625b1,3
e_c4f6ab7ac3,1
e_3ade97e120,0
e_f73daf91c8,4
e_5e5d5935ca,3
e_68d46672b4,0
e_4014fd54e0,0
e_354be31415,4
e_3160e2e131,1
e_d51d42c0b7,4
e_6aa23c58a4,1
e_a2fe14988d,3
e_10ef3c44e7,1
e_d343e9efce,3
e_f95e105033,2
e_04430fa214,2
e_977847debe,4
e_0303d35e33,2
e_9dbadb1616,4
e_2748af10ad,4
e_96b0ea8215,2
e_b7d5db5fb8,4
e_60ed040120,1
e_19818d9b6d,2
e_68636f3b9f,3
e_054a6b29e0,1
e_261c390faf,0
e_cea903b78d,4
e_e907e090ea,2
e_da9d97a2b4,4
e_9a345d7a79,1
e_375519993f,2
e_885c647bc1,1
e_4086bcbe45,4
e_e937c53f4a,2
e_d0a16c6ae5,2
e_9e189b47ee,1
e_4b2a54c5c3,0
e_887b2633e3,3
e_36ff1bedf0,3
e_c0cb27eea0,3
e_830affb918,3
e_f479cf70d5,2
e_c3566ae0e5,1
e_591ee6c441,4
e_88815813ba,4
e_54246caf14,2
e_5425cf6b82,0
e_cd96350aa8,3
e_4e0c2a4fb6,1
e_549ecdc9e2,1
e_4523e516ad,1
e_87a3797ef9,1
e_7a137635a7,0
e_8b64b08345,1
e_3d3b48764e,3
e_f44493b1f7,1
e_8461bb1d6e,3
e_144eeffa6f,1
e_415b81d447,0
e_5c88b549e5,1
e_b52cf2a68a,3
e_3ed9d6dece,1
e_9552b3a43d,1
e_97e64970b4,2
e_6d858156c4,1
e_371fd99d2a,4
e_ea855acf93,2
e_6079d21984,3
e_be10f2f0e7,3
e_e456a5169d,4
e_11afd6f6d8,3
e_6058a759e9,2
e_2bd3f36cf0,1
e_2e57cbd33b,1
e_e194cea3a7,4
e_0269275628,1
e_4b74b9f30c,2
e_af9b389b92,1
e_fcd9759c64,3
e_43caf29de4,3
e_bac110130b,0
e_e3de183fa5,1
e_66a69e3e06,1
e_ec661b1d16,4
e_7c762d08dc,0
e_159c141f28,3
e_8a6d6c3564,2
e_d4539e3607,3
e_0d123340f4,2
e_ff73198d3b,0
e_d28d1fa399,3
e_72e5ba4a65,3
e_e7223c8640,3
e_452f7deef0,1
e_31eb50220e,4
e_88cad974cd,3
e_95083cc249,2
e_0511e4e284,3
e_3c665b08ac,1
e_17dc4cd471,4
e_9e2efa3228,3
e_741dab157b,3
e_4b8c4c673c,0
e_065808a0cf,3
e_20c22cace7,0
e_bc11373b33,2
e_960296a929,3
e_ca57902e06,0
e_99b0759a9f,1
e_065fad1a81,1
e_3f70190cf4,0
e_187f704c6c,3
e_3175f11d95,4
e_6680d396dd,2
e_4ac9683e8b,1
e_7266c4c445,3
e_89fc008f7f,1
e_dd39be91e1,2
e_bda32fffa7,0
e_5460cb017c,1
e_7b83907373,0
e_12e7b7921a,1
e_00fd625b92,0
e_eab5ddabeb,1
e_8dde8abfc2,1
e_1999751a67,1
e_b2c56a1b5b,3
e_d56634ed01,4
e_b7c90a67d4,0
e_d74d601edc,3
e_6289f0c89a,3
e_e1823e2bd7,4
e_30ee7efe93,4
e_c439645836,4
e_c3cb890a53,3
e_0f8c10fc82,4
e_0c58dc90a8,3
e_501186e6dd,3
e_6a7c0e596a,2
e_dd16a9ad5b,3
e_490a492796,4
e_d240ef2840,3
e_f7cca608fa,3
e_9dea8cc8c8,3
e_28c2ea4832,4
e_72847fed76,3
e_7f73e55d7c,4
e_e714cd8c0e,2
e_1def759d83,1
e_71710f165e,2
e_b94cf39612,2
e_24e9edc487,3
e_f3a8f69588,1
e_4feade1c65,0
e_ff639f517c,3
e_72d7f64fe1,4
e_1518c34caf,3
e_bf08afdc2b,1
e_f4b64cab68,1
e_8fc916906d,1
e_346a961aab,4
e_1356385640,1
e_8ee176b6ba,0
e_d9fd805f18,1
e_d2d399938c,1
e_60dc6846fb,1
e_f77b94202e,3
e_5d0a778ae0,3
e_3dfeac29e2,3
e_5ab4c19aec,1
e_4974d31a67,3
e_b4358a1c96,0
e_a993760292,3
e_cde41b1ed6,3
e_c97dcde6b0,2
e_a039c1ae9f,2
e_901ee11e05,3
e_08acac3f5e,1
e_9cddd9482b,1
e_732c182201,1
e_e16cf38cfe,3
e_9daa067374,4
e_f8d6a11548,4
e_40dad2f9bf,3
e_d2ea738456,2
e_0271fe5b79,0
e_c660c27a1a,2
e_280dc2473e,1
e_a9f4cb10c3,3
e_35ed1e3c82,3
e_88c7703218,1
e_d9b4600f1c,4
e_3f2e3eafc9,2
e_686a610bab,3
e_9ce4772378,3
e_160541f557,2
e_20bc2fbb58,4
e_d62d759314,4
e_afc1fc302e,0
e_844e1300e1,1
e_1768715bed,2
e_dc1ae85a69,2
e_9a23a79ee6,1
e_b5eae5ff7f,1
e_140fe388f1,3
e_ad2600c246,2
e_e0610356ea,0
e_b88dbcf742,3
e_c9045a17a3,0
e_078924866e,1
e_3ee5e6500d,2
e_337e924c22,3
e_2854b12e48,2
e_4d4a8f699b,3
e_d9ff9520df,2
e_d8a2102aa1,4
e_7e680d689a,2
e_ce79874cdd,4
e_264298a6bd,3
e_48af24536e,0
e_c10db5c4af,4
e_13e507ab0e,2
e_10c114b623,3
e_72b8005108,1
e_209ac97324,2
e_9080da0d9a,1
e_3ab0bd5cd4,3
e_5b665936a8,3
e_1beb969973,2
e_c373772635,3
e_3d34cf985d,1
e_91754a528f,4
e_d7bbb81cda,1
e_4f6c01fe1b,1
e_23836d59b4,0
e_0136c3e3e4,4
e_2fcbaaf154,1
e_dbd732e341,3
e_17b0e3956f,3
e_2912a68b84,3
e_1cafacb8eb,3
e_84e4940de2,4
e_4258c875fd,2
e_b4d7a11089,1
e_268d635124,4
e_7136cbb1f6,1
e_988ce982d3,1
e_2b5ee3ffdd,1
e_5825df2329,1
e_24c5b35edb,4
e_bb48ef7a5a,4
e_7815c5a7b0,1
e_f52a651dc5,1
e_af79722135,0
e_0f48f14852,3
e_f90089d65b,0
e_d1ee355b58,4
e_496e8e1e17,2
e_4a9a90c967,0
e_c36f726fe8,4
e_6d875ba4b9,1
e_cee645b4b5,2
e_509cbbb209,0
e_e16645a013,1
e_d61d3ddf02,2
e_8e72851df1,0
e_83c9b0ac6d,2
e_16627e9a9f,4
e_46f5f068fb,4
e_0cd8002482,1
e_c664b6bbfe,3
e_5604c102d3,3
e_1847a0ab8c,4
e_f3c1ab7b91,4
e_23f2075736,0
e_65f4bd2bc2,3
e_81bb8d7a00,3
e_c910287da3,1
e_368eadfb71,2
e_d7a1fb3665,1
e_b4697c8d82,1
e_2a7561e04d,1
e_50578ba229,2
e_40e3a865bd,4
e_69cc899796,1
e_1b243c0205,4
e_fb5fb720f4,1
e_2d0cbd2e81,3
e_56354258d0,1
e_24fe18e7b0,1
e_1041b09e7a,1
e_db3da837d3,3
e_43f8e7ae0d,2
e_5925bb65f3,4
e_11d65b5a35,1
e_9882ba2b3c,2
e_4f2cdd36cb,3
e_02fae9d092,1
e_2e55f7f118,2
e_331e148c3a,1
e_602049f245,4
e_5737a2a9ed,1
e_9abafe2702,1
e_30f80de031,3
e_1c7a956ed4,2
e_06c3faf282,3
e_3e31cd03e9,1
e_9a3472780b,3
e_b48f385415,3
e_24e4d4baae,2
e_1137e3ed48,1
e_6f06af8635,0
e_5c39f63788,3
e_968bdda53a,2
e_acd112e6ca,3
e_48fd9b7eaa,1
e_d207973953,2
e_b2ad4a3cae,4
e_d1356e3bc1,1
e_978d61e98c,2
e_6c5502c936,1
e_e3e102522c,3
e_ae062ee443,3
e_f599086038,0
e_cf8e91a815,4
e_51145c8b06,1
e_8ee188105f,4
e_8a04ee7fa6,1
e_3c6d92cc42,0
e_e78f889c87,3
e_74556aa294,0
e_b5760f46b7,1
e_572df6818e,2
e_634c513d30,4
e_35cd7b0316,3
e_55e7b06998,3
e_3947df49c2,1
e_a4e778d20a,1
e_de0211fe47,1
e_b2d8ea7bbb,2
e_b48ba43752,3
e_d3249f27c4,4
e_5aabfea0c2,1
e_fb59a2f8b4,2
e_92782e48e8,4
e_c688c3167d,1
e_bb21d932ab,0
e_6de622aff9,3
e_8e7561cbd7,0
e_4f5be3b45b,3
e_915411b818,2
e_f513bbc73b,4
e_b8e21aded9,0
e_e8c6d3f869,0
e_98f03338d4,4
e_03ab6e2e1e,1
e_006a51198a,1
e_f34f564598,4
e_8ec60b7369,3
e_9e86288891,3
e_224788acbe,2
e_b298d492ea,2
e_e22bcc366a,1
e_ab6f2f26e0,3
e_0546c38f1b,2
e_f10430ec1d,4
e_76eac602cb,4
e_1df0f48377,3
e_58157bd20f,3
e_bd800de250,3
e_f84aca4a5f,3
e_772844a640,3
e_e2fb16f195,1
e_7cceb5b973,4
e_d229d87d36,0
e_454bd67040,3
e_e156d8d0b7,3
e_bb24c1061f,3
e_aaf4e346e4,1
e_0aed6db457,3
e_54e4ab3679,1
e_2c799f9042,4
e_ec3bf0210b,3
e_1a72e99c81,3
e_4e65698220,4
e_ec9e225baf,3
e_a973303772,3
e_b2a966d541,1
e_01be583c3a,1
e_38a9a76242,4
e_f2fae0103d,3
e_9a7979e5a0,4
e_a450010438,4
e_0158557afa,1
e_1808cdfaed,4
e_8ea622ca75,0
e_e43f3b4caa,1
e_dba8126ea5,0
e_4502629bd6,4
e_72250b9619,1
e_eaeb8be926,3
e_65778faa17,1
e_cae0fcb902,1
e_1faf046538,3
e_74065c1642,1
e_52a4271152,4
e_ad2accd328,4
e_c68cc6ddfe,3
e_4ae0bbf07c,3
e_ec9a3df518,3
e_df50782edd,3
e_a29e11416b,3
e_7068535f89,0
e_6915a13731,3
e_f278b7f366,0
e_0bec451c52,1
e_31b151bb3a,0
e_d6c49fdb6f,3
e_b6ee053468,2
e_e0d5fb8a09,1
e_bd19c027a4,0
e_c9c679c772,3
e_7135abd9e9,3
e_eaf5ef7a55,2
e_2bf517ecb0,2
e_15e60c5d00,0
e_2165382353,3
e_007f52042f,3
e_0c06adf251,1
e_5b6eb03cb0,2
e_10e072a69e,3
e_8cf8325d3f,3
e_0376cfbc54,1
e_1d55173aa8,1
e_d62f776860,4
e_e7a804534f,2
e_a5adfe8363,0
e_7a61de7caf,1
e_048086d6d6,1
e_7383d4aea7,3
e_3f2a325055,0
e_150188ab89,3
e_80c3452291,4
e_d5685893b0,1
e_23a9e4f10c,3
e_da2b5d78ca,3
e_367eae1803,1
e_cd4a179d18,1
e_9cb6d52446,2
e_ed09e1bfad,3
e_cb3bc12580,3
e_a40a65bedf,1
e_91949b4f99,4
e_79db9884e5,3
e_7d61e10f08,4
e_57ba15c3fc,2
e_71f398af63,3
e_d433d17ccd,4
e_772bbff790,3
e_e946e54eb5,3
e_25748ba6a6,3
e_0c3de85448,0
e_055f5d6793,1
e_148442b1b5,1
e_b004dea2f9,0
e_a27ae4252e,3
e_c4cef7d8f2,3
e_11eead3c5d,3
e_3f67c45cb1,4
e_79d0f3479f,1
e_c4324f5d18,4
e_03551771bf,4
e_35fc2c59b3,3
e_59975e6018,1
e_58a95cecd9,1
e_9bfc6979e5,1
e_aed71fe66f,1
e_eb6c212264,1
e_1ceff47574,4
e_9276ebf447,2
e_2330af8c29,2
e_887b393eee,3
e_c1d3e25509,1
e_b29ce4aedb,2
e_35354f7ed5,2
e_9672e69f0b,4
e_9a606c3784,4
e_d71bb6d303,0
e_99d562c0f3,1
e_bad3e8ab45,3
e_840371282e,2
e_bbf9225a15,0
e_8e747196db,2
e_a55f52e9f8,0
e_1ffe28592e,2
e_63ca10981c,4
e_db744ba495,3
